id;nome;email;telefone
1;atop radiant whose;Ladislau_Martins@bol.com.br;ouch rough
2;knife acclaimed with;Yago45@gmail.com;duh
3;meh;Sophia17@hotmail.com;easily meh beneath
4;ah for toward;Mariana.Batista74@live.com;indeed pish
5;before everlasting hm;Rebeca_Saraiva70@gmail.com;foolishly
6;bank pluck;Isabel_Santos75@yahoo.com;among yarmulke overcooked
7;mobilise whereas;Carlos_Costa39@bol.com.br;hastily gaseous
8;probate;Pedro89@hotmail.com;regarding
9;hydrant rosemary;Isabelly.Oliveira62@hotmail.com;bend celebrate
10;showboat given courteous;Alessandra41@bol.com.br;coaxingly
